id,user_name,email
101,John Doe,john.doe@example.com
102,Jane Smith,jane.smith@example.com
103,Bob Johnson,bob.johnson@example.com
104,Alice Brown,alice.brown@example.com
105,Charlie Davis,charlie.davis@example.com
106,David Wilson,david.wilson@example.com
107,Eva Harris,eva.harris@example.com
108,Frank Clark,frank.clark@example.com
109,Grace Lewis,grace.lewis@example.com
110,Hank Walker,hank.walker@example.com
111,Ivy Hall,ivy.hall@example.com
112,Jack Young,jack.young@example.com
113,Kate King,kate.king@example.com
114,Liam Wright,liam.wright@example.com
115,Mia Scott,mia.scott@example.com